first_name,last_name
LINDA,WILLIAMS
JENNIFER,DAVIS
DOROTHY,TAYLOR
LISA,ANDERSON
NANCY,THOMAS
KAREN,JACKSON
HELEN,HARRIS
SANDRA,MARTIN
CAROL,GARCIA
RUTH,MARTINEZ
MICHELLE,CLARK
DEBORAH,WALKER
JESSICA,HALL
SHIRLEY,ALLEN
ANGELA,HERNANDEZ
KATHLEEN,ADAMS
PAMELA,BAKER
MARTHA,GONZALEZ
AMANDA,CARTER
CATHERINE,CAMPBELL
FRANCES,PARKER
ANN,EVANS
JOYCE,EDWARDS
ALICE,STEWART
JULIE,SANCHEZ
EVELYN,MORGAN
MILDRED,BAILEY
KATHERINE,RIVERA
ASHLEY,RICHARDSON
ROSE,HOWARD
JANICE,WARD
JUDY,GRAY
CHRISTINA,RAMIREZ
KATHY,JAMES
THERESA,WATSON
TAMMY,SANDERS
RACHEL,BARNES
KATHRYN,COLEMAN
WANDA,PATTERSON
RUBY,WASHINGTON
NORMA,GONZALES
PAULA,BRYANT
DIANA,ALEXANDER
EMILY,DIAZ
ROBIN,HAYES
GLADYS,HAMILTON
RITA,GRAHAM
DAWN,SULLIVAN
CONNIE,WALLACE
TIFFANY,JORDAN
WENDY,HARRISON
EDITH,MCDONALD
SHERRY,MARSHALL
THELMA,MURRAY
SHANNON,FREEMAN
ESTHER,CRAWFORD
JUANITA,MASON
ANITA,MORALES
HAZEL,WARREN
EVA,RAMOS
CLARA,SHAW
VALERIE,BLACK
DANIELLE,DANIELS
MEGAN,PALMER
MICHELE,GRANT
JILL,HAWKINS
JOANN,GARDNER
LYNN,PAYNE
ERICA,MATTHEWS
BEATRICE,ARNOLD
DOLORES,WAGNER
AUDREY,RAY
YVONNE,WATKINS
JUNE,CARROLL
SAMANTHA,DUNCAN
DANA,HART
STACY,CUNNINGHAM
ANA,BRADLEY
RENEE,LANE
IDA,ANDREWS
ROBERTA,HARPER
MELANIE,ARMSTRONG
LORETTA,CARPENTER
YOLANDA,WEAVER
LAURIE,LAWRENCE
KRISTEN,CHAVEZ
ALMA,AUSTIN
BETH,FRANKLIN
JEANNE,LAWSON
TARA,RYAN
EILEEN,CARR
TERRI,VASQUEZ
GERTRUDE,CASTILLO
TONYA,CHAPMAN
WILMA,RICHARDS
GINA,WILLIAMSON
JESSIE,BANKS
CHARLENE,ALVAREZ
DELORES,HANSEN
MELINDA,FERNANDEZ
PEARL,GARZA
ARLENE,HARVEY
ALLISON,STANLEY
GEORGIA,JACOBS
MARCIA,DEAN
NELLIE,GARRETT
HEIDI,LARSON
GLENDA,FRAZIER
VIOLA,HANSON
COURTNEY,DAY
MARIAN,MENDOZA
CAROLINE,BOWMAN
DORA,MEDINA
MATTIE,HOFFMAN
TERRY,CARLSON
MAXINE,SILVA
IRMA,PEARSON
MABEL,HOLLAND
MARSHA,DOUGLAS
CHRISTY,VARGAS
PATSY,DAVIDSON
GWENDOLYN,MAY
NORA,HERRERA
MARGIE,WADE
CASSANDRA,WALTERS
PENNY,NEAL
KAY,CALDWELL
CAROLE,BARNETT
BRANDY,GRAVES
TRACEY,BARRETT
JENNY,CASTRO
VELMA,LUCAS
BOBBIE,CRAIG
KRISTINA,CHAMBERS
MISTY,LAMBERT
SHELLY,WATTS
DAISY,BATES
RAMONA,HALE
ERIKA,PENA
JAMES,GANNON
JOHN,FARNSWORTH
ROBERT,BAUGHMAN
MICHAEL,SILVERMAN
WILLIAM,SATTERFIELD
DAVID,ROYAL
RICHARD,MCCRARY
CHARLES,KOWALSKI
DANIEL,CABRAL
MARK,RINEHART
DONALD,MAHON
EDWARD,BAUGH
BRIAN,WYMAN
ANTHONY,SCHWAB
MATTHEW,MAHAN
JOSE,ANDREW
LARRY,THRASHER
JEFFREY,SPEAR
FRANK,WAGGONER
STEPHEN,QUALLS
GREGORY,MAULDIN
JOSHUA,MARK
DENNIS,GILMAN
WALTER,PERRYMAN
PETER,MENARD
HAROLD,MARTINO
DOUGLAS,GRAF
CARL,ARTIS
RYAN,SALISBURY
ROGER,QUINTANILLA
JOE,GILLILAND
JUAN,FRALEY
JONATHAN,SCARBOROUGH
SAMUEL,MARLOW
WILLIE,MARKHAM
RALPH,MADRIGAL
LAWRENCE,LAWTON
NICHOLAS,BARFIELD
BENJAMIN,VARNEY
BRUCE,SCHWARZ
HARRY,ARCE
FRED,WHEAT
STEVE,MACKENZIE
JEREMY,HURTADO
RANDY,GAITHER
BOBBY,BOUDREAU
VICTOR,BARKLEY
MARTIN,BALES
TODD,TAN
ALAN,KAHN
SHAWN,HEATON
CLARENCE,GAMEZ
SEAN,DOUGLASS
PHILIP,CAUSEY
EARL,SHANKS
JIMMY,SCHRADER
BRYAN,HARDISON
TONY,CARRANZA
LUIS,YANEZ
MIKE,WAY
DALE,RATCLIFF
VINCENT,RALSTON
JEFF,EAST
CHAD,CARBONE
JACOB,LANCE
LEE,HAWKS
ALFRED,CASILLAS
JESUS,MCCARTNEY
JOEL,FRANCISCO
RANDALL,NEUMANN
BARRY,LOVELACE
MARIO,CHEATHAM
LEROY,BUSTAMANTE
MARCUS,HIDALGO
MICHEAL,FORMAN
MIGUEL,BETANCOURT
OSCAR,AQUINO
JIM,REA
CALVIN,MARTEL
ALEX,GRESHAM
BILL,GAVIN
TOMMY,COLLAZO
DEREK,BLAKELY
FLOYD,GANDY
ALVIN,DELOACH
TIM,CARY
GORDON,ALLARD
DEAN,SAUER
JORGE,OLIVARES
DAN,PAINE
LEWIS,LYMAN
COREY,HAUSER
MAURICE,CRAWLEY
VERNON,CHAPA
CLYDE,TOBIAS
GLEN,TALBERT
SHANE,MILLARD
RICARDO,MEADOR
RICK,MATTOX
LESTER,KRAUS
BRENT,HARKINS
RAMON,CHOATE
GENE,SANBORN
MARC,OUTLAW
RUBEN,GEARY
ANGEL,BARCLAY
NATHANIEL,ADAM
RAFAEL,ABNEY
LESLIE,SEWARD
EDGAR,RHOADS
MILTON,HOWLAND
BEN,EASTER
FRANKLIN,TROUTMAN
ANDRE,RAPP
GABRIEL,HARDER
RON,DELUCA
MITCHELL,WESTMORELAND
ARNOLD,HAVENS
HARVEY,GUAJARDO
ADRIAN,CLARY
KARL,SEAL
CORY,MEEHAN
DARRYL,ASHCRAFT
JAMIE,WAUGH
JESSIE,MILAM
TED,BREAUX
TYRONE,ASHER
DARREN,WINDHAM
LONNIE,TIRADO
JULIO,NOLAND
CLAYTON,BARBEE
HUGH,WALDROP
DWAYNE,OLVERA
DWIGHT,LOMBARDI
FELIX,GAFFNEY
EVERETT,BANDA
JORDAN,ARCHULETA
CASEY,MENA
ALFREDO,MCADAMS
DAVE,GARDINER
MORRIS,MCCARTER
CLIFTON,MALCOLM
DARYL,LARUE
ANDY,VANHORN
PERRY,SWAFFORD
KIRK,STCLAIR
SERGIO,STANFIELD
MARION,OCAMPO
TRACY,HERRMANN
SETH,HANNON
KENT,ARSENAULT
RENE,MCALISTER
EDUARDO,HIATT
FREDDIE,DUGGAN
WADE,DELVALLE
